Termo de Busca,Ranking de Busca,ID do Anuncio,Titulo,Marca,Categoria,Preco (R$),Preco Original (R$),Desconto (%),Avaliacao (0-5),Qtd Avaliacoes,Vendas Estimadas,Faturamento Estimado (R$),Frete Gratis,FULL,Localizacao,Garantia,Link
Castanha Do Pará Quebrada 1kg,1,MLB3679708539,Castanha Do Pará Quebrada 1kg,Paulistana Empório,Frutas Secas,79.99,79.99,0,0,0,0,0,Nao,Sim,"Santos, São Paulo",Sem garantia,https://produto.mercadolivre.com.br/MLB-3679708539
Castanha Do Pará Quebrada 1kg,2,MLB5177156936,Castanha Do Pará Quebrada Premium - 1kg,Armazém Bezerra,Frutas Secas,88.9,159,44,0,0,0,0,Nao,Sim,"Diadema, São Paulo",Sem garantia,https://produto.mercadolivre.com.br/MLB-5177156936
Castanha Do Pará Quebrada 1kg,3,MLB4769841628,Castanha Do Pará Sem Casca Quebrada - 1kg,Puro Grão,Frutas Secas,87.22,163.5,47,0,0,0,0,Nao,Sim,"Araraquara, São Paulo",Sem garantia,https://produto.mercadolivre.com.br/MLB-4769841628
Castanha Do Pará Quebrada 1kg,4,MLB3542293751,Castanha do Pará quebrada 1kg - P&p FIT,P&P Fit,Frutas Secas,76.58,149,49,0,0,0,0,Nao,Sim,"Belo Horizonte, Minas Gerais",Sem garantia,https://produto.mercadolivre.com.br/MLB-3542293751
Castanha Do Pará Quebrada 1kg,5,MLB4642263038,Castanha Do Pará Quebrada Natural 1kg - Divino Grão,Divino Grão,Frutas Secas,77.6,190,59,0,0,0,0,Nao,Sim,"Araraquara, São Paulo",Sem garantia,https://produto.mercadolivre.com.br/MLB-4642263038
Castanha Do Pará Quebrada 1kg,6,MLB4651468154,Castanha Do Pará Quebrada 500g,Paulistana Empório,Frutas Secas,42.99,42.99,0,0,0,0,0,Nao,Sim,"Santos, São Paulo",Sem garantia,https://produto.mercadolivre.com.br/MLB-4651468154
Castanha Do Pará Quebrada 1kg,7,MLB4644533444,Castanha Do Pará Sem Casca Quebrada - 1kg,Divino Grão,Frutas Secas,77.6,190,59,0,0,0,0,Nao,Sim,"Araraquara, São Paulo",Sem garantia,https://produto.mercadolivre.com.br/MLB-4644533444
Castanha Do Pará Quebrada 1kg,8,MLB4643397013,Castanha Do Pará Partida 1kg - Quebrada Natural Do Norte,Natural do Norte,Frutas Secas,88.9,159.9,44,0,0,0,0,Nao,Sim,"São Paulo, São Paulo",Sem garantia,https://produto.mercadolivre.com.br/MLB-4643397013
Castanha Do Pará Quebrada 1kg,9,MLB5006072722,1kg Castanha Do Pará Quebrada Nova Safra Mundo Nutri,MUNDO NUTRI,Frutas Secas,79.99,189.99,58,0,0,0,0,Nao,Sim,"São Paulo, São Paulo",Garantia do vendedor: 7 dias,https://produto.mercadolivre.com.br/MLB-5006072722
Mix De Castanhas 1kg,1,MLB3673641107,Mix Castanhas Mix Nuts Original - 1kg,Upflora,Frutas Secas,59.9,69,13,0,0,0,0,Nao,Sim,"Diadema, São Paulo",Sem garantia,https://produto.mercadolivre.com.br/MLB-3673641107
Mix De Castanhas 1kg,2,MLB4439591469,Mix Castanhas Macadâmia/caju/pará/amêndoa/nozes/1kg,Supremo Nuts,Frutas Secas,84,149.9,44,0,0,0,0,Nao,Sim,"Campinas, São Paulo",Garantia do vendedor: 3 meses,https://produto.mercadolivre.com.br/MLB-4439591469
Mix De Castanhas 1kg,3,MLB5693706600,Mix Castanhas E Frutas Secas 1kg Premium Natural Saudável Desidratada,Natural Bee,Frutas Secas,67.63,75.99,11,0,0,0,0,Nao,Sim,"São Paulo, São Paulo",Garantia do vendedor: 1 meses,https://produto.mercadolivre.com.br/MLB-5693706600
Mix De Castanhas 1kg,4,MLB5383598314,Mix Castanhas E Frutas - 500g - Naturais Mona,Naturais Mona,Frutas Secas,29.9,29.9,0,0,0,0,0,Nao,Sim,"São Paulo, São Paulo",Garantia do vendedor: 30 dias,https://produto.mercadolivre.com.br/MLB-5383598314
Mix De Castanhas 1kg,5,MLB4060896715,Mix Castanhas E Frutas 1 Kg - Lla Foods,LLA Foods,Frutas Secas,56.31,59.9,6,0,0,0,0,Nao,Sim,"São Paulo, São Paulo",Garantia do vendedor: 30 dias,https://produto.mercadolivre.com.br/MLB-4060896715
Mix De Castanhas 1kg,6,MLB4128894201,Mix Castanhas E Frutas 1 Kg - Hi Natural,HI NATURAL,Frutas Secas,47.51,67.87,30,0,0,0,0,Nao,Sim,"São Paulo, São Paulo",Garantia do vendedor: 30 dias,https://produto.mercadolivre.com.br/MLB-4128894201
Amendoim Caramelizado Brasil Frutt,1,MLB3928637847,Amendoim caramelizado 1.010kg Brasil Frutt,Brasil Frutt,Amendoins,24.99,24.99,0,0,0,0,0,Nao,Sim,"Santos, São Paulo",Sem garantia,https://produto.mercadolivre.com.br/MLB-3928637847
Amendoim Caramelizado Brasil Frutt,2,MLB4005396901,Amendoim Caramelizado com Gergelim 200g Brasil Frutt,Brasil Frutt,Amendoins,8,8,0,0,0,0,0,Nao,Sim,"Cajamar, São Paulo",Sem garantia,https://produto.mercadolivre.com.br/MLB-4005396901
Amendoim Caramelizado Brasil Frutt,3,MLB6203456450,Amendoim Caramelizado No Pote 120g Brasil Frutt,Brasil Frutt,Amendoins,9.92,9.92,0,0,0,0,0,Nao,Sim,"Cajamar, São Paulo",Sem garantia,https://produto.mercadolivre.com.br/MLB-6203456450
Amendoim Caramelizado Brasil Frutt,4,MLB6534287254,Amendoim Caramelizado Doce Pralinê 1kg,Requena,Amendoins,31.9,31.9,0,0,0,0,0,Nao,Sim,"São Paulo, São Paulo",Garantia do vendedor: 30 dias,https://produto.mercadolivre.com.br/MLB-6534287254
Amendoim Caramelizado Brasil Frutt,5,MLB6526332396,Amendoim Caramelizado Doce Pralinê 500g,Requena,Amendoins,17.36,22.9,24,0,0,0,0,Nao,Sim,"São Paulo, São Paulo",Sem garantia,https://produto.mercadolivre.com.br/MLB-6526332396
Amendoim Caramelizado Brasil Frutt,6,MLB4564231159,Amendoim Caramelizado Com Coco 500g,Requena,Amendoins,17.36,22.9,24,0,0,0,0,Nao,Sim,"São Paulo, São Paulo",Garantia do vendedor: 30 dias,https://produto.mercadolivre.com.br/MLB-4564231159
Amendoim Caramelizado Brasil Frutt,7,MLB6526576980,Amendoim Caramelizado Com Chocolate 500g,Requena,Amendoins,17.36,22.9,24,0,0,0,0,Nao,Sim,"São Paulo, São Paulo",Garantia do vendedor: 30 dias,https://produto.mercadolivre.com.br/MLB-6526576980
Amendoim Caramelizado Brasil Frutt,8,MLB4516502047,Amendoim Caramelizado 1kg Crocante Zanckers Premium,Zanckers,Amendoins,27.05,46.49,42,0,0,0,0,Nao,Sim,"Ibitinga, São Paulo",Garantia do vendedor: 7 dias,https://produto.mercadolivre.com.br/MLB-4516502047
Amendoim Caramelizado Brasil Frutt,9,MLB5466848820,Flocos De Arroz Caramelizado Abelhão Com Amendoim Sem Glúten 100g,Abelhao,Guloseimas,14.24,14.99,5,0,0,0,0,Nao,Sim,"São Paulo, São Paulo",Garantia do vendedor: 7 dias,https://produto.mercadolivre.com.br/MLB-5466848820
Amendoim Caramelizado Brasil Frutt,10,MLB2216173531,Ovinhos de Amendoim Brasil Frutt 160g,Brasil Frutt,Amendoins,9.9,9.9,0,0,0,0,0,Nao,Sim,"São José dos Campos, São Paulo",Sem garantia,https://produto.mercadolivre.com.br/MLB-2216173531
Amendoim Caramelizado Brasil Frutt,11,MLB2216092137,Ovinhos de Amendoim Brasil Frutt 160g,Brasil Frutt,Amendoins,10.9,10.9,0,0,0,0,0,Nao,Sim,"São José dos Campos, São Paulo",Sem garantia,https://produto.mercadolivre.com.br/MLB-2216092137
Amendoim Caramelizado Brasil Frutt,12,MLB5310189814,Ovinho De Amendoim 1.010 Kg - Brasil Frutt,Brasil Frutt,Amendoins,29.78,29.78,0,0,0,0,0,Nao,Sim,"Santos, São Paulo",Sem garantia,https://produto.mercadolivre.com.br/MLB-5310189814
Amendoim Caramelizado Brasil Frutt,13,MLB3234777714,Ovinho De Amendoim 1.010 Kg - Brasil Frutt,Brasil Frutt,Amendoins,34.9,34.9,0,0,0,0,0,Nao,Sim,"São José dos Campos, São Paulo",Sem garantia,https://produto.mercadolivre.com.br/MLB-3234777714
Amendoim Caramelizado Brasil Frutt,14,MLB4421538407,Ovinho De Amendoim 1.010 Kg - Brasil Frutt,Brasil Frutt,Amendoins,36.9,36.9,0,0,0,0,0,Nao,Sim,"São José dos Campos, São Paulo",Sem garantia,https://produto.mercadolivre.com.br/MLB-4421538407
Amendoim Caramelizado Brasil Frutt,15,MLB5219348324,Amendoim Crocante Tradicional 1.010kg Brasil Frutt,Brasil Frutt,Frutas Secas,33.71,35.1,4,0,0,0,0,Nao,Sim,"Cajamar, São Paulo",Sem garantia,https://produto.mercadolivre.com.br/MLB-5219348324
Amendoim Caramelizado Brasil Frutt,16,MLB3932120199,Amendoim Crocante Tradicional 1.010kg Brasil Frutt,Brasil Frutt,Frutas Secas,38.1,38.1,0,0,0,0,0,Nao,Sim,"Cajamar, São Paulo",Sem garantia,https://produto.mercadolivre.com.br/MLB-3932120199
Amendoim Caramelizado Brasil Frutt,17,MLB4005379557,"Amendoim Sem Pele Torrado e Salgado Brasil Frutt 1,010kg",Brasil Frutt,Amendoins,34.65,34.65,0,0,0,0,0,Nao,Sim,"Cajamar, São Paulo",Sem garantia,https://produto.mercadolivre.com.br/MLB-4005379557
Amendoim Caramelizado Brasil Frutt,18,MLB4005280589,"Amendoim Torrado Sem Sal S/ Pele Pacote 1,010kg Brasil Frutt",Brasil Frutt,Amendoins,33.96,33.96,0,0,0,0,0,Nao,Sim,"Cajamar, São Paulo",Sem garantia,https://produto.mercadolivre.com.br/MLB-4005280589
Amendoim Caramelizado Brasil Frutt,19,MLB5219084760,Snack Mix Amendoim Crocante Pacote 1.010kg Brasil Frutt,Brasil Frutt,Frutas Secas,29.67,35.1,15,0,0,0,0,Nao,Sim,"Cajamar, São Paulo",Sem garantia,https://produto.mercadolivre.com.br/MLB-5219084760
Chá De Hibisco Flor Inteira 500g,1,MLB3615148591,Hibisco Flor Chá 500g Emagrecimento Premium,Cerealista Castelo,Chá,26.99,26.99,0,0,0,0,0,Nao,Sim,"Santo André, São Paulo",Garantia do vendedor: 30 dias,https://produto.mercadolivre.com.br/MLB-3615148591
Chá De Hibisco Flor Inteira 500g,2,MLB4440800114,Hibisco Flor Chá 1kg Premium Emagrecimento,Cerealista Castelo,Chá,49.99,49.99,0,0,0,0,0,Nao,Sim,"Santo André, São Paulo",Garantia do vendedor: 30 dias,https://produto.mercadolivre.com.br/MLB-4440800114
Chá De Hibisco Flor Inteira 500g,3,MLB5713650874,Hibisco Flor 500g Premium - Alecrim&tomilho,Alecrim&Tomilho,Chá,20.69,26.9,23,0,0,0,0,Nao,Sim,"Santo André, São Paulo",Garantia do vendedor: 7 dias,https://produto.mercadolivre.com.br/MLB-5713650874
Chá De Hibisco Flor Inteira 500g,4,MLB4631408165,Chá Hibisco Flor Orgânico Sachê Vinagreira,Kampo de Ervas,Chá,26.9,26.9,0,0,0,0,0,Nao,Sim,"Tremembé, São Paulo",Garantia do vendedor: 7 dias,https://produto.mercadolivre.com.br/MLB-4631408165
Chá De Hibisco Flor Inteira 500g,5,MLB5212507814,Chá De Hibisco - Flor Inteira - Paulistana Empório - 500g,Chas Da Alice,Chá,24.99,24.99,0,0,0,0,0,Nao,Sim,"Santos, São Paulo",Sem garantia,https://produto.mercadolivre.com.br/MLB-5212507814
Chá De Hibisco Flor Inteira 500g,6,MLB4411503737,Hibisco Flor Desidratada Chá Ca.nuts 300g | Linha De Chás,Ca.Nuts,Chá,35.89,35.89,0,0,0,0,0,Nao,Sim,"Santo André, São Paulo",Sem garantia,https://produto.mercadolivre.com.br/MLB-4411503737
Cravo Da Índia 500g,1,MLB4036225295,Cravo Da Índia - 500g,Paulistana Empório,Especiarias,51.99,51.99,0,0,0,0,0,Nao,Sim,"Santos, São Paulo",Sem garantia,https://produto.mercadolivre.com.br/MLB-4036225295
Cravo Da Índia 500g,2,MLB4413182292,Cravo Da India 500g Premium,Casa Bela,Especiarias,67.8,82.9,18,0,0,0,0,Nao,Sim,"São Paulo, São Paulo",Sem garantia,https://produto.mercadolivre.com.br/MLB-4413182292
Cravo Da Índia 500g,3,MLB6767485392,Cravo Da Índia Flor 500g,Terra Cerealista,Especiarias,57.9,57.9,0,0,0,0,0,Nao,Sim,"São Paulo, São Paulo",Sem garantia,https://produto.mercadolivre.com.br/MLB-6767485392
Cravo Da Índia 500g,4,MLB3564711749,Cravo Da Índia Em Pó - 500g - Naturais Mona,Naturais Mona,Especiarias,16.91,19.9,15,0,0,0,0,Nao,Sim,"São Paulo, São Paulo",Garantia do vendedor: 30 dias,https://produto.mercadolivre.com.br/MLB-3564711749
Cravo Da Índia 500g,5,MLB4734881327,Cravo Da Índia Da Terrinha 10g,Da Terrinha,Especiarias,9.29,9.29,0,0,0,0,0,Nao,Sim,"Americana, São Paulo",Sem garantia,https://produto.mercadolivre.com.br/MLB-4734881327
Cravo Da Índia 500g,6,MLB4651442546,Cravo Da India Flor 250g,Teka alimentos,Especiarias,27.23,38.9,30,0,0,0,0,Nao,Sim,"São Bernardo do Campo, São Paulo",Sem garantia,https://produto.mercadolivre.com.br/MLB-4651442546
Cravo Da Índia 500g,7,MLB6416519180,Cravo Da India 250g Premium,Requena,Especiarias,34.9,39.9,13,0,0,0,0,Nao,Sim,"São Paulo, São Paulo",Garantia do vendedor: 30 dias,https://produto.mercadolivre.com.br/MLB-6416519180
Cravo Da Índia 500g,8,MLB4426693619,Cravo Da Índia - 200g - Paulistana Empório,Paulistana Empório,Chá,23.99,23.99,0,0,0,0,0,Nao,Sim,"Santos, São Paulo",Sem garantia,https://produto.mercadolivre.com.br/MLB-4426693619
Cravo Da Índia 500g,9,MLB5285265132,Cravo Da India Em Pó - 90g,Villa Cerroni,Especiarias,28.6,28.6,0,0,0,0,0,Nao,Sim,"São Paulo, São Paulo",Garantia do vendedor: 30 dias,https://produto.mercadolivre.com.br/MLB-5285265132
Cravo Da Índia 500g,10,MLB5176742598,Cravo Da Índia Em Grãos Pacote de 500g - Niyati,Niyati,Especiarias,49.95,62.44,20,0,0,0,0,Nao,Sim,"Junqueirópolis, São Paulo",Garantia do vendedor: 7 dias,https://produto.mercadolivre.com.br/MLB-5176742598
Cravo Da Índia 500g,11,MLB3556338643,500g | Cravo Da Índia Em Grãos Original | Drasen Food,Drasen Food Ingredients,Especiarias,56.9,68.89,17,0,0,0,0,Nao,Sim,"Vargem Grande Paulista, São Paulo",Garantia do vendedor: 30 dias,https://produto.mercadolivre.com.br/MLB-3556338643
Cravo Da Índia 500g,12,MLB5504585022,Cravo Da Índia - 1kg - Paulistana Empório,Paulistana Empório,Especiarias,99.99,99.99,0,0,0,0,0,Nao,Sim,"Santos, São Paulo",Sem garantia,https://produto.mercadolivre.com.br/MLB-5504585022
Anis Estrelado 200g,1,MLB5436982222,Anis Estrelado - 200g - Paulistana Empório,Paulistana Empório,Chá,18.99,18.99,0,0,0,0,0,Nao,Sim,"Santos, São Paulo",Sem garantia,https://produto.mercadolivre.com.br/MLB-5436982222
Anis Estrelado 200g,2,MLB5224539300,Anis Estrelado - 100g,Naturais Brasil,Especiarias,14.9,14.9,0,0,0,0,0,Nao,Sim,"São Paulo, São Paulo",Garantia do vendedor: 6 meses,https://produto.mercadolivre.com.br/MLB-5224539300
Anis Estrelado 200g,3,MLB4988406628,Anis Estrelado 500g - Natural,TEKA NATURAIS,Chá,37.71,41.9,10,0,0,0,0,Nao,Sim,"São Bernardo do Campo, São Paulo",Garantia do vendedor: 30 dias,https://produto.mercadolivre.com.br/MLB-4988406628
Anis Estrelado 200g,4,MLB4466293153,Anis Estrelado - 1kg,Paulistana Empório,Chá,74.99,74.99,0,0,0,0,0,Nao,Sim,"Santos, São Paulo",Sem garantia,https://produto.mercadolivre.com.br/MLB-4466293153
Anis Estrelado 200g,5,MLB4426515635,Anis Estrelado - 500g - Paulistana Empório,Paulistana Empório,Chá,35.99,35.99,0,0,0,0,0,Nao,Sim,"Santos, São Paulo",Sem garantia,https://produto.mercadolivre.com.br/MLB-4426515635
Anis Estrelado 200g,6,MLB4651428914,Anis Estrelado 250g - Teka Naturais,TEKA NATURAIS,Chá,23,27.9,18,0,0,0,0,Nao,Sim,"São Bernardo do Campo, São Paulo",Sem garantia,https://produto.mercadolivre.com.br/MLB-4651428914
Anis Estrelado 200g,7,MLB4456025189,Anis Estrelado - 100g - Paulistana Empório,Paulistana Empório,Chá,10.99,10.99,0,0,0,0,0,Nao,Sim,"Santos, São Paulo",Sem garantia,https://produto.mercadolivre.com.br/MLB-4456025189
Anis Estrelado 200g,8,MLB4621154767,Anis Estrelado Ervas Secas 150 Gramas,ARDEA,Chá,34.9,34.9,0,0,0,0,0,Sim,Sim,"Cotia, São Paulo",Garantia do vendedor: 7 dias,https://produto.mercadolivre.com.br/MLB-4621154767
Anis Estrelado 200g,9,MLB3678365107,Chá Anis Estrelado Safra Nova (inteiros) 100g,Cerealista Express,Chá,22.9,22.9,0,0,0,0,0,Nao,Sim,"São Paulo, São Paulo",Garantia do vendedor: 30 dias,https://produto.mercadolivre.com.br/MLB-3678365107
Semente De Girassol Crua Descascada 1kg,1,MLB4006390691,Semente De Girassol Descascada Crua Fillovita - Premium 1kg,Fillovita,Sementes,36.9,36.9,0,0,0,0,0,Nao,Sim,"São Paulo, São Paulo",Sem garantia,https://produto.mercadolivre.com.br/MLB-4006390691
Semente De Girassol Crua Descascada 1kg,2,MLB3914130267,Semente De Girassol Crua Descascada (pepita) - 1kg - Paulistana Empório,Paulistana Empório,Sementes,20.99,20.99,0,0,0,0,0,Nao,Sim,"Santos, São Paulo",Sem garantia,https://produto.mercadolivre.com.br/MLB-3914130267
Semente De Girassol Crua Descascada 1kg,3,MLB5335528440,Semente De Girassol Descascada Crua Fillovita - Embalagem de 500g,Fillovita,Sementes,34.9,34.9,0,0,0,0,0,Nao,Sim,"São Paulo, São Paulo",Sem garantia,https://produto.mercadolivre.com.br/MLB-5335528440
Semente De Girassol Crua Descascada 1kg,4,MLB3916547385,Semente De Girassol Pepita Crua 1kg,Requena,Sementes,24.24,28.9,16,0,0,0,0,Nao,Sim,"São Paulo, São Paulo",Sem garantia,https://produto.mercadolivre.com.br/MLB-3916547385
Semente De Girassol Crua Descascada 1kg,5,MLB4651416812,Semente De Girassol Crua Sem Sal 1kg,Teka alimentos,Sementes,26.5,27.9,5,0,0,0,0,Nao,Sim,"São Bernardo do Campo, São Paulo",Sem garantia,https://produto.mercadolivre.com.br/MLB-4651416812
Semente De Girassol Crua Descascada 1kg,6,MLB4235359283,1kg Semente De Girassol Pepita Sem Casca Crua,Natural Bee,Sementes,23,29.99,23,0,0,0,0,Nao,Sim,"São Paulo, São Paulo",Garantia do vendedor: 30 dias,https://produto.mercadolivre.com.br/MLB-4235359283
Semente De Girassol Crua Descascada 1kg,7,MLB4378817216,1kg Semente De Girassol Crua Pepita - Paitá Alimentos,Paitá Alimentos,Sementes,24.2,31.03,22,0,0,0,0,Nao,Sim,"Vargem Grande Paulista, São Paulo",Garantia do vendedor: 7 dias,https://produto.mercadolivre.com.br/MLB-4378817216
Semente De Girassol Crua Descascada 1kg,8,MLB4600216337,Semente De Girassol Pepita Crua Sem Casca - 1kg,Armazém Bezerra,Sementes,26.9,44.9,40,0,0,0,0,Nao,Sim,"Diadema, São Paulo",Sem garantia,https://produto.mercadolivre.com.br/MLB-4600216337
Semente De Girassol Crua Descascada 1kg,9,MLB3560937161,Semente De Girassol Crua S/sal 1kg - Naturais Mona,Naturais Mona,Sementes,24,27.9,14,0,0,0,0,Nao,Sim,"São Paulo, São Paulo",Garantia de fábrica: 30 dias,https://produto.mercadolivre.com.br/MLB-3560937161
Semente De Girassol Crua Descascada 1kg,10,MLB4280081567,Semente De Girassol Sem Casca Crua 1kg - P&p,P&P Fit,Sementes,28,37.87,26,0,0,0,0,Nao,Sim,"Belo Horizonte, Minas Gerais",Sem garantia,https://produto.mercadolivre.com.br/MLB-4280081567
Mix De Sementes Abóbora Girassol,1,MLB5576288030,Mix Sementes 1kg - Abóbora Girassol Chia Linhaça Gergelim,MADOXX NUTS,Sementes,22.23,28.99,23,0,0,0,0,Nao,Sim,"São Paulo, São Paulo",Garantia do vendedor: 7 dias,https://produto.mercadolivre.com.br/MLB-5576288030
Mix De Sementes Abóbora Girassol,2,MLB5572956858,Mix Sementes Abobora Girassol Chia Linhaça Gergelim - 500g,Vibe Naturais,Sementes,18.28,29.9,39,0,0,0,0,Nao,Sim,"São Paulo, São Paulo",Garantia do vendedor: 30 dias,https://produto.mercadolivre.com.br/MLB-5572956858
Mix De Sementes Abóbora Girassol,3,MLB4680739175,Mix Sementes 1kg Premium Chia Girassol Abóbora Linhaça Dourada e Marrom Gergelim - P&p,P&P Fit,Sementes,36,61.9,42,0,0,0,0,Nao,Sim,"Belo Horizonte, Minas Gerais",Sem garantia,https://produto.mercadolivre.com.br/MLB-4680739175
Mix De Sementes Abóbora Girassol,4,MLB6033792282,Mix De Sementes Abóbora/girassol/chia/linhaça/gergelim 1kg,Rótulo do Bem,Sementes,35.6,43.8,19,0,0,0,0,Nao,Sim,"São Paulo, São Paulo",Garantia do vendedor: 7 dias,https://produto.mercadolivre.com.br/MLB-6033792282
Mix De Sementes Abóbora Girassol,5,MLB6470520580,Mix De Sementes Abóbora/ Linhaça/girassol/gergelim/chia 500g,King Nuts,Sementes,26.5,41.99,37,0,0,0,0,Nao,Sim,"Sorocaba, São Paulo",Garantia do vendedor: 2 meses,https://produto.mercadolivre.com.br/MLB-6470520580
Mix De Sementes Abóbora Girassol,6,MLB3806819395,Mix De Sementes Abóbora/girassol/chia/linhaça/gergelim 1kg,Casa Bela,Sementes,31.9,37.9,16,0,0,0,0,Nao,Sim,"São Paulo, São Paulo",Garantia do vendedor: 30 dias,https://produto.mercadolivre.com.br/MLB-3806819395
Mix De Sementes Abóbora Girassol,7,MLB5768590444,1kg Mix De Sementes Abóbora Girassol Chia Linhaça Gergelim,MUNDO NUTRI,Sementes,26.99,39.99,33,0,0,0,0,Nao,Sim,"São Paulo, São Paulo",Garantia do vendedor: 7 dias,https://produto.mercadolivre.com.br/MLB-5768590444
Mix De Sementes Abóbora Girassol,8,MLB4568413045,Mix De Sementes Abóbora/girassol/chia/linhaça/gergelim 500g,Requena,Sementes,20.8,21.9,5,0,0,0,0,Nao,Sim,"São Paulo, São Paulo",Garantia do vendedor: 30 dias,https://produto.mercadolivre.com.br/MLB-4568413045
Mix De Sementes Abóbora Girassol,9,MLB4327354623,Mix De Sementes Abóbora/girassol/chia/linhaça/gergelim 1kg,Empório Metas,Sementes,29.4,60,51,0,0,0,0,Nao,Sim,"Diadema, São Paulo",Garantia do vendedor: 30 dias,https://produto.mercadolivre.com.br/MLB-4327354623
Mix De Sementes Abóbora Girassol,10,MLB5863076058,500g Mix De Sementes Abóbora Girassol Chia Linhaça Gergelim,MUNDO NUTRI,Sementes,18.29,29.99,39,0,0,0,0,Nao,Sim,"São Paulo, São Paulo",Garantia do vendedor: 7 dias,https://produto.mercadolivre.com.br/MLB-5863076058
Mix De Sementes Abóbora Girassol,11,MLB4700121639,Mix Sementes Linhaça Dourada E Semente Chia 1kg,Sauce,Sementes,31.9,31.9,0,0,0,0,0,Nao,Sim,"Potirendaba, São Paulo",Sem garantia,https://produto.mercadolivre.com.br/MLB-4700121639
Mix De Sementes Abóbora Girassol,12,MLB4818899106,Mix De Sementes Abóbora/girassol/chia/linhaça/gergelim - Paulistana Empório - 1kg,Paulistana Empório,Sementes,26.99,26.99,0,0,0,0,0,Nao,Sim,"Santos, São Paulo",Sem garantia,https://produto.mercadolivre.com.br/MLB-4818899106
Mix De Sementes Abóbora Girassol,13,MLB5709617014,Mix De Sementes Abóbora/girassol/chia/linhaça/gergelim - Paulistana Empório - 500g,Paulistana Empório,Sementes,15.99,15.99,0,0,0,0,0,Nao,Sim,"Santos, São Paulo",Sem garantia,https://produto.mercadolivre.com.br/MLB-5709617014
Mix De Sementes Abóbora Girassol,14,MLB5709434668,Mix Sementes Linhaça Dourada E Semente Chia Premium 1kg,Rótulo do Bem,Sementes,26.94,36.5,26,0,0,0,0,Nao,Sim,"São Paulo, São Paulo",Garantia do vendedor: 7 dias,https://produto.mercadolivre.com.br/MLB-5709434668
Mix De Sementes Abóbora Girassol,15,MLB4252085319,Mix Grãos Aveia Gergelim Girassol Linhaça Chia Abobora 180g,Sésamo Real,Sementes,14.9,24.8,40,0,0,0,0,Nao,Sim,"São Paulo, São Paulo",Garantia do vendedor: 7 dias,https://produto.mercadolivre.com.br/MLB-4252085319
Mix De Sementes Abóbora Girassol,16,MLB5219450684,Snack Mix Sementes Pacote 1.010kg Brasil Frutt,Brasil Frutt,Frutas Secas,97.56,97.56,0,0,0,0,0,Nao,Sim,"Cajamar, São Paulo",Sem garantia,https://produto.mercadolivre.com.br/MLB-5219450684
Mix Frutas Vermelhas 500g,1,MLB3942478723,Mix Frutas Vermelhas - 500g,Paulistana Empório,Frutas Secas,38.99,38.99,0,0,0,0,0,Nao,Sim,"Santos, São Paulo",Sem garantia,https://produto.mercadolivre.com.br/MLB-3942478723
Mix Frutas Vermelhas 500g,2,MLB6028219958,Mix Frutas Vermelhas - 200g,Paulistana Empório,Frutas Secas,21.99,21.99,0,0,0,0,0,Nao,Sim,"Santos, São Paulo",Sem garantia,https://produto.mercadolivre.com.br/MLB-6028219958
Mix Frutas Vermelhas 500g,3,MLB4456074761,Mix Frutas Desidratadas - Paulistana Empório - 500g,Paulistana Empório,Frutas Secas,29.99,29.99,0,0,0,0,0,Nao,Sim,"Santos, São Paulo",Sem garantia,https://produto.mercadolivre.com.br/MLB-4456074761
Mix Frutas Vermelhas 500g,4,MLB5827074450,Mix Frutas Tropicais Liofilizadas Chips 500g,Barelle,Frutas Secas,74,129.9,43,0,0,0,0,Nao,Sim,"São Caetano do Sul, São Paulo",Sem garantia,https://produto.mercadolivre.com.br/MLB-5827074450
Mix Frutas Vermelhas 500g,5,MLB5768728126,500g Mix Frutas Tropicais Chips Natural Desidratadas,Armazém Bezerra,Frutas Secas,78.9,150,47,0,0,0,0,Nao,Sim,"Diadema, São Paulo",Garantia de fábrica: 7 dias,https://produto.mercadolivre.com.br/MLB-5768728126
Mix Frutas Vermelhas 500g,6,MLB6574518752,Super Mix Frutas Tropicais Desidratadas Chips Natural - 500g,Sabore,Frutas Secas,101.4,138.9,27,0,0,0,0,Nao,Sim,"São Paulo, São Paulo",Garantia do vendedor: 7 dias,https://produto.mercadolivre.com.br/MLB-6574518752
Mix Frutas Vermelhas 500g,7,MLB6327417974,Mix De Frutas Vermelhas 500g Premium,Requena,Frutas Secas,73.44,79,7,0,0,0,0,Nao,Sim,"São Paulo, São Paulo",Garantia do vendedor: 30 dias,https://produto.mercadolivre.com.br/MLB-6327417974
Mix Frutas Vermelhas 500g,8,MLB4592611321,Mix Frutas Tropicais Secas Sem Açúcar 500g King Nuts,King Nuts,Frutas Secas,46.71,68,31,0,0,0,0,Nao,Sim,"Sorocaba, São Paulo",Garantia do vendedor: 2 meses,https://produto.mercadolivre.com.br/MLB-4592611321
Mix Frutas Vermelhas 500g,9,MLB5515708840,Mix Frutas Desidratadas - Paulistana Empório - 1kg,Paulistana Empório,Frutas Secas,49.99,49.99,0,0,0,0,0,Nao,Sim,"Santos, São Paulo",Sem garantia,https://produto.mercadolivre.com.br/MLB-5515708840
Mix Frutas Vermelhas 500g,10,MLB6216586598,Kit Mix Vegetais + Mix Frutas Tropicais - 100g Cada,Paulistana Empório,Snacks Salgados,26.99,26.99,0,0,0,0,0,Nao,Sim,"Santos, São Paulo",Sem garantia,https://produto.mercadolivre.com.br/MLB-6216586598
Mix Frutas Vermelhas 500g,11,MLB6857590076,Kit Mix Vegetais + Mix Frutas Tropicais - 200g Cada,Paulistana Empório,Snacks Salgados,50,50,0,0,0,0,0,Nao,Sim,"Santos, São Paulo",Sem garantia,https://produto.mercadolivre.com.br/MLB-6857590076
Mix Frutas Vermelhas 500g,12,MLB5885295160,Mix Frutas Tropicais Liofilizadas Chips 1kg,Barelle,Frutas Secas,214.4,229.9,7,0,0,0,0,Nao,Sim,"São Caetano do Sul, São Paulo",Sem garantia,https://produto.mercadolivre.com.br/MLB-5885295160
Mix Frutas Vermelhas 500g,13,MLB4277604327,Mix Frutas Tropicais Liofilizadas Chips 250g,Barelle,Frutas Secas,36,59.9,40,0,0,0,0,Nao,Sim,"São Caetano do Sul, São Paulo",Sem garantia,https://produto.mercadolivre.com.br/MLB-4277604327
Mix Frutas Vermelhas 500g,14,MLB6732986180,Mix Frutas Tropicais Liofilizadas Chips 250g,Barelle,Frutas Secas,42,64.9,35,0,0,0,0,Nao,Sim,"São Caetano do Sul, São Paulo",Sem garantia,https://produto.mercadolivre.com.br/MLB-6732986180
Mix Frutas Vermelhas 500g,15,MLB4698129291,Mix Frutas Secas 1 Kg - Brasil Frutt,Brasil Frutt,Frutas Secas,99.99,99.99,0,0,0,0,0,Nao,Sim,"Jundiaí, São Paulo",Garantia do vendedor: 30 dias,https://produto.mercadolivre.com.br/MLB-4698129291
Mix Frutas Vermelhas 500g,16,MLB3858568488,Mix Frutas Secas 1 Kg - Brasil Frutt,Brasil Frutt,Frutas Secas,109.9,109.9,0,0,0,0,0,Nao,Sim,"São José dos Campos, São Paulo",Sem garantia,https://produto.mercadolivre.com.br/MLB-3858568488
Mix Frutas Vermelhas 500g,17,MLB4745119445,Mix Frutas Tropicais 100g Snack Saudável Crocante,Cajus Delícias,Frutas Secas,28.9,48.9,41,0,0,0,0,Nao,Sim,"Arujá, São Paulo",Garantia do vendedor: 7 dias,https://produto.mercadolivre.com.br/MLB-4745119445
Canela Em Pau 6cm 1kg,1,MLB5433016732,Canela Em Pau Premium 6cm 1kg,Rotulo do Bem,Especiarias,74.82,78.97,5,0,0,0,0,Nao,Sim,"São Paulo, São Paulo",Garantia do vendedor: 7 dias,https://produto.mercadolivre.com.br/MLB-5433016732
Canela Em Pau 6cm 1kg,2,MLB5653551864,Canela Em Pau 6cm - Paulistana Empório - 1kg,Genérico,Especiarias,59.99,59.99,0,0,0,0,0,Nao,Sim,"Santos, São Paulo",Sem garantia,https://produto.mercadolivre.com.br/MLB-5653551864
Canela Em Pau 6cm 1kg,3,MLB4592629479,Canela Em Pau 6cm 500g,Terra Cerealista,Especiarias,33.9,54.9,38,0,0,0,0,Nao,Sim,"São Paulo, São Paulo",Sem garantia,https://produto.mercadolivre.com.br/MLB-4592629479
Canela Em Pau 6cm 1kg,4,MLB4651468802,Canela Em Pau 6cm 500g Premium,Casa Bela,Especiarias,33.85,57.9,42,0,0,0,0,Nao,Sim,"São Paulo, São Paulo",Garantia do vendedor: 30 dias,https://produto.mercadolivre.com.br/MLB-4651468802
Canela Em Pau 6cm 1kg,5,MLB3240213873,1kg Canela Em Pau 6cm Vera Original | Drasen Food,Drasen Food Ingredients,Especiarias,66.9,103.5,35,0,0,0,0,Nao,Sim,"Vargem Grande Paulista, São Paulo",Garantia do vendedor: 30 dias,https://produto.mercadolivre.com.br/MLB-3240213873
Canela Em Pau 6cm 1kg,6,MLB3795645313,Canela Em Pau 200g,Requena,Especiarias,18.56,29.9,38,0,0,0,0,Nao,Sim,"São Paulo, São Paulo",Garantia do vendedor: 30 dias,https://produto.mercadolivre.com.br/MLB-3795645313
Canela Em Pau 6cm 1kg,7,MLB3316318976,500g Canela Em Pau 6cm Vera Drasen Food Ingredients,Drasen Food Ingredients,Especiarias,34.1,55.9,39,0,0,0,0,Nao,Sim,"Vargem Grande Paulista, São Paulo",Garantia do vendedor: 30 dias,https://produto.mercadolivre.com.br/MLB-3316318976
Canela Em Pau 6cm 1kg,8,MLB6727233598,Canela em Pau 6cm Pau Rotulo do Bem 1 unidad,Rotulo do Bem,Especiarias,42.19,64.9,35,0,0,0,0,Nao,Sim,"São Paulo, São Paulo",Garantia do vendedor: 7 dias,https://produto.mercadolivre.com.br/MLB-6727233598
Canela Em Pau 6cm 1kg,9,MLB4951433506,Canela Em Pau 1kg Premium Casa Bela,Requena,Especiarias,58,114.9,50,0,0,0,0,Nao,Sim,"São Paulo, São Paulo",Garantia do vendedor: 30 dias,https://produto.mercadolivre.com.br/MLB-4951433506
Canela Em Pau 6cm 1kg,10,MLB4413143516,Canela Em Pó 1kg,HI NATURAL,Especiarias,16.73,23.9,30,0,0,0,0,Nao,Sim,"São Paulo, São Paulo",Sem garantia,https://produto.mercadolivre.com.br/MLB-4413143516
Canela Em Pau 6cm 1kg,11,MLB4427373474,Canela Em Pau Casca 6cm Inteira Aa Premium 1 Kg,Niyati,Especiarias,65.95,84.84,22,0,0,0,0,Nao,Sim,"Junqueirópolis, São Paulo",Garantia do vendedor: 7 dias,https://produto.mercadolivre.com.br/MLB-4427373474
Canela Em Pau 6cm 1kg,12,MLB5653812218,Canela Em Pau 250g Casca Inteira Premium Aa 6cm Indonésia,Empório Madoxx Distribuidora,Especiarias,18.99,18.99,0,0,0,0,0,Nao,Sim,"São Paulo, São Paulo",Garantia do vendedor: 7 dias,https://produto.mercadolivre.com.br/MLB-5653812218
Canela Em Pau 6cm 1kg,13,MLB4654841954,Canela Em Pó 1kg,Teka alimentos,Especiarias,19.12,23.9,20,0,0,0,0,Nao,Sim,"São Bernardo do Campo, São Paulo",Sem garantia,https://produto.mercadolivre.com.br/MLB-4654841954
Canela Em Pau 6cm 1kg,14,MLB3907637655,Canela Em Pau Premium Jawa 6cm 30g - No Pote Pet - Natural Spices,Natural Spices,Especiarias,8.54,8.99,5,0,0,0,0,Nao,Sim,"Itupeva, São Paulo",Sem garantia,https://produto.mercadolivre.com.br/MLB-3907637655
Folha De Louro 500g,1,MLB4056713325,Folha De Louro - 500g - Paulistana Empório,Paulistana Empório,Especiarias,24.99,24.99,0,0,0,0,0,Nao,Sim,"Santos, São Paulo",Sem garantia,https://produto.mercadolivre.com.br/MLB-4056713325
Folha De Louro 500g,2,MLB4654804524,Louro Folha 250g,Teka alimentos,Especiarias,16.07,18.9,15,0,0,0,0,Nao,Sim,"São Bernardo do Campo, São Paulo",Sem garantia,https://produto.mercadolivre.com.br/MLB-4654804524
Folha De Louro 500g,3,MLB4466354031,Louro Em Folha 100gr,Forte do Grão,Tempero,12.96,14.9,13,0,0,0,0,Nao,Sim,"Duque de Caxias, Rio de Janeiro",Sem garantia,https://produto.mercadolivre.com.br/MLB-4466354031
Folha De Louro 500g,4,MLB5382881056,Folha De Louro - 200g - Paulistana Empório,Paulistana Empório,Especiarias,11.99,11.99,0,0,0,0,0,Nao,Sim,"Santos, São Paulo",Sem garantia,https://produto.mercadolivre.com.br/MLB-5382881056
Folha De Louro 500g,5,MLB4060939563,Folha De Louro - 1kg - Paulistana Empório,Paulistana Empório,Especiarias,45.99,45.99,0,0,0,0,0,Nao,Sim,"Santos, São Paulo",Sem garantia,https://produto.mercadolivre.com.br/MLB-4060939563
Laranja Desidratada Rodelas 200g,1,MLB4037707899,Laranja Desidratada (rodelas/fatias) - 200g,Paulistana Empório,Frutas Secas,26.99,26.99,0,0,0,0,0,Nao,Sim,"Santos, São Paulo",Sem garantia,https://produto.mercadolivre.com.br/MLB-4037707899
Laranja Desidratada Rodelas 200g,2,MLB6177458824,Laranja Desidratada (rodelas/fatias) - 1kg,Paulistana Empório,Frutas Secas,94.99,94.99,0,0,0,0,0,Nao,Sim,"Santos, São Paulo",Sem garantia,https://produto.mercadolivre.com.br/MLB-6177458824
Laranja Desidratada Rodelas 200g,3,MLB4426398823,Laranja Desidratada (rodelas/fatias) - 500g,Paulistana Empório,Frutas Secas,54.99,54.99,0,0,0,0,0,Nao,Sim,"Santos, São Paulo",Sem garantia,https://produto.mercadolivre.com.br/MLB-4426398823
Laranja Desidratada Rodelas 200g,4,MLB6666344758,Laranja Desidratada Rodelas Para Drinks Gin Aperol - 500g,Vibe Naturais,Frutas Secas,54.9,77.9,30,0,0,0,0,Nao,Sim,"Birigui, São Paulo",Garantia de fábrica: 4 meses,https://produto.mercadolivre.com.br/MLB-6666344758
Laranja Desidratada Rodelas 200g,5,MLB4029589371,Limão Desidratado E Laranja Desidratada - 200g Cada,Vibe Naturais,Frutas Secas,54.9,54.9,0,0,0,0,0,Nao,Sim,"Birigui, São Paulo",Garantia do vendedor: 6 meses,https://produto.mercadolivre.com.br/MLB-4029589371
Laranja Desidratada Rodelas 200g,6,MLB4912382208,Casca De Laranja Desidratada Cristalizada 500g,Empório Juliana,Frutas Secas,74.5,74.5,0,0,0,0,0,Nao,Sim,"São Paulo, São Paulo",Garantia do vendedor: 7 dias,https://produto.mercadolivre.com.br/MLB-4912382208
Laranja Desidratada Rodelas 200g,7,MLB5035368106,Laranja Em Rodelas Desidratada Para Gin Drinks Chás - 200g,Vibe Naturais,Frutas Secas,29.09,42.9,32,0,0,0,0,Nao,Sim,"Birigui, São Paulo",Garantia de fábrica: 4 meses,https://produto.mercadolivre.com.br/MLB-5035368106
Limão Desidratado Rodelas,1,MLB4029589371,Limão Desidratado E Laranja Desidratada - 200g Cada,Vibe Naturais,Frutas Secas,54.9,54.9,0,0,0,0,0,Nao,Sim,"Birigui, São Paulo",Garantia do vendedor: 6 meses,https://produto.mercadolivre.com.br/MLB-4029589371
Limão Desidratado Rodelas,2,MLB4037656221,100g Limão + 100g Laranja Desidratado (rodelas/fatias),Paulistana Empório,Frutas Secas,26.99,26.99,0,0,0,0,0,Nao,Sim,"Santos, São Paulo",Sem garantia,https://produto.mercadolivre.com.br/MLB-4037656221
Limão Desidratado Rodelas,3,MLB5508983264,Limão Siciliano Desidratado 500g,Daseiva Naturais,Frutas Secas,48.73,74.99,35,0,0,0,0,Nao,Sim,"São Paulo, São Paulo",Garantia do vendedor: 7 dias,https://produto.mercadolivre.com.br/MLB-5508983264
Mix De Vegetais Desidratados 500g,1,MLB4614766301,1kg Mix Vegetais Desidratados Premium Supremo Nuts,Supremo Nuts,Frutas Secas,74,119.9,38,0,0,0,0,Nao,Sim,"Campinas, São Paulo",Garantia do vendedor: 30 dias,https://produto.mercadolivre.com.br/MLB-4614766301
Mix De Vegetais Desidratados 500g,2,MLB4330316857,Mix De Vegetais Chips Legumes Desidratados 500g,Cerealista Express,Snacks Salgados,57.15,69.9,18,0,0,0,0,Nao,Sim,"São Paulo, São Paulo",Garantia do vendedor: 1 meses,https://produto.mercadolivre.com.br/MLB-4330316857
Mix De Vegetais Desidratados 500g,3,MLB6216586598,Kit Mix Vegetais + Mix Frutas Tropicais - 100g Cada,Paulistana Empório,Snacks Salgados,26.99,26.99,0,0,0,0,0,Nao,Sim,"Santos, São Paulo",Sem garantia,https://produto.mercadolivre.com.br/MLB-6216586598
Mix De Vegetais Desidratados 500g,4,MLB6857590076,Kit Mix Vegetais + Mix Frutas Tropicais - 200g Cada,Paulistana Empório,Snacks Salgados,50,50,0,0,0,0,0,Nao,Sim,"Santos, São Paulo",Sem garantia,https://produto.mercadolivre.com.br/MLB-6857590076
Mix De Vegetais Desidratados 500g,5,MLB4184494615,500g Mix De Vegetais Desidratados Chips Mundo Nutri,MUNDO NUTRI,Snacks Salgados,44.61,99.99,55,0,0,0,0,Nao,Sim,"São Paulo, São Paulo",Garantia do vendedor: 7 dias,https://produto.mercadolivre.com.br/MLB-4184494615
Mix De Vegetais Desidratados 500g,6,MLB4296308106,Mix De Vegetais Chips Desidratados 500g Casa Bela,Requena,Snacks Salgados,48,109.9,56,0,0,0,0,Nao,Sim,"São Paulo, São Paulo",Garantia do vendedor: 30 dias,https://produto.mercadolivre.com.br/MLB-4296308106
Mix De Vegetais Desidratados 500g,7,MLB6007471596,Mix De Vegetais Desidratados 200g,Requena,Snacks Salgados,21.24,34.99,39,0,0,0,0,Nao,Sim,"São Paulo, São Paulo",Sem garantia,https://produto.mercadolivre.com.br/MLB-6007471596
Mix De Vegetais Desidratados 500g,8,MLB3991613547,Mix De Vegetais Desidratados 1kg,Requena,Snacks Salgados,179.9,179.9,0,0,0,0,0,Nao,Sim,"São Paulo, São Paulo",Sem garantia,https://produto.mercadolivre.com.br/MLB-3991613547
Mix De Vegetais Desidratados 500g,9,MLB6676207788,500g - Mix De Vegetais Legumes Desidratados Super Crocante,Armazém Bezerra,Frutas Secas,49.9,99.99,50,0,0,0,0,Nao,Sim,"Diadema, São Paulo",Garantia do vendedor: 7 dias,https://produto.mercadolivre.com.br/MLB-6676207788
Mix De Vegetais Desidratados 500g,10,MLB6661808898,Mix Vegetais Legumes Snacks Crocantes Natural Saudável 1kg,Essentrix,Snacks Salgados,111.38,149.86,26,0,0,0,0,Nao,Sim,"Jundiaí, São Paulo",Garantia do vendedor: 30 dias,https://produto.mercadolivre.com.br/MLB-6661808898
Mix De Vegetais Desidratados 500g,11,MLB4296573258,Mix De Vegetais Desidratados 1kg - Brasil Frutt,Brasil Frutt,Snacks Salgados,89.9,89.9,0,0,0,0,0,Nao,Sim,"São José dos Campos, São Paulo",Sem garantia,https://produto.mercadolivre.com.br/MLB-4296573258
Mix De Vegetais Desidratados 500g,12,MLB4515538919,Mix De Vegetais Desidratados 1kg - Brasil Frutt,Brasil Frutt,Snacks Salgados,95.9,95.9,0,0,0,0,0,Nao,Sim,"São José dos Campos, São Paulo",Sem garantia,https://produto.mercadolivre.com.br/MLB-4515538919
Mix De Vegetais Desidratados 500g,13,MLB6025602372,Mix De Vegetais Desidratados 1kg - Brasil Frutt,Brasil Frutt,Frutas Secas,95.9,95.9,0,0,0,0,0,Nao,Sim,"São Paulo, São Paulo",Sem garantia,https://produto.mercadolivre.com.br/MLB-6025602372
Mix De Vegetais Desidratados 500g,14,MLB6914222334,Mix De Vegetais Desidratados 1kg Premium,Cajus Delícias,Frutas Secas,89.9,149.9,40,0,0,0,0,Nao,Sim,"Arujá, São Paulo",Sem garantia,https://produto.mercadolivre.com.br/MLB-6914222334
Mix De Vegetais Desidratados 500g,15,MLB6574518814,Super Mix De Vegetais Desidratados 100% Natural Chips - 300g,Sabore,Snacks Salgados,44.71,70.9,37,0,0,0,0,Nao,Sim,"São Paulo, São Paulo",Garantia do vendedor: 7 dias,https://produto.mercadolivre.com.br/MLB-6574518814
Mix De Vegetais Desidratados 500g,16,MLB6914223956,Mix De Vegetais Desidratados - Paulistana Empório - 200g,Paulistana Empório,Frutas Secas,17.99,17.99,0,0,0,0,0,Nao,Sim,"Santos, São Paulo",Sem garantia,https://produto.mercadolivre.com.br/MLB-6914223956
Mix De Vegetais Desidratados 500g,17,MLB4631249379,Mix De Vegetais Legumes Desidratados Super Crocante Saudável,mix de vegetais e legumes,Frutas Secas,49.99,49.99,0,0,0,0,0,Nao,Sim,"Palhoça, Santa Catarina",Garantia de fábrica: 12 meses,https://produto.mercadolivre.com.br/MLB-4631249379
Mix De Vegetais Desidratados 500g,18,MLB6425762742,Mix De Vegetais Legumes Desidratados 1kg Super Crocante,Armazém Bezerra,Frutas Secas,77.5,180,57,0,0,0,0,Nao,Sim,"Diadema, São Paulo",Garantia de fábrica: 7 dias,https://produto.mercadolivre.com.br/MLB-6425762742
Tremoço Graúdo Balde 2kg,1,MLB3956846195,Tremoço Graúdo Portugues 2kg Brasil Frutt,Brasil Frutt,Enlatados e Conservas,113.4,113.4,0,0,0,0,0,Nao,Sim,"São José dos Campos, São Paulo",Sem garantia,https://produto.mercadolivre.com.br/MLB-3956846195
Tremoço Graúdo Balde 2kg,2,MLB6091145590,Tremoço Graúdo Portugues 2kg Brasil Frutt,Brasil Frutt,Pimentas Malagueta,124.3,124.3,0,0,0,0,0,Nao,Sim,"São José dos Campos, São Paulo",Sem garantia,https://produto.mercadolivre.com.br/MLB-6091145590
Tremoço Graúdo Balde 2kg,3,MLB4328804237,Tremoço Português Graúdo Balde 2kg - Aldeia Da Serra,Aldeia Da Serra,Enlatados e Conservas,77.9,85.9,9,0,0,0,0,Nao,Sim,"São Paulo, São Paulo",Garantia do vendedor: 7 dias,https://produto.mercadolivre.com.br/MLB-4328804237
Tremoço Graúdo Balde 2kg,4,MLB4089069171,Tremoço Português Graúdo Balde 2kg - Aldeia Da Serra,Aldeia Da Serra,Enlatados e Conservas,77.98,98.9,21,0,0,0,0,Nao,Sim,"São Paulo, São Paulo",Garantia do vendedor: 7 dias,https://produto.mercadolivre.com.br/MLB-4089069171
Tremoço Graúdo Balde 2kg,5,MLB4720550618,Tremoço Português Graúdo Pote 600g,Miller Foods,Enlatados e Conservas,29.9,29.9,0,0,0,0,0,Nao,Sim,"Cotia, São Paulo",Sem garantia,https://produto.mercadolivre.com.br/MLB-4720550618
Tremoço Graúdo Balde 2kg,6,MLB4585367415,Amendoim Graúdo Torrado Salgado 1kg,Requena,Amendoins,26.5,31.9,17,0,0,0,0,Nao,Sim,"São Paulo, São Paulo",Garantia do vendedor: 30 dias,https://produto.mercadolivre.com.br/MLB-4585367415
Tremoço Graúdo Balde 2kg,7,MLB6538327530,Amendoim Graudo Torrado Sem Sal 500g,Requena,Amendoins,18.33,22.9,20,0,0,0,0,Nao,Sim,"São Paulo, São Paulo",Garantia do vendedor: 30 dias,https://produto.mercadolivre.com.br/MLB-6538327530
Tremoço Graúdo Balde 2kg,8,MLB3971123133,Cardamomo Em Sementes Graúdo Premium 50g,Cerealista Express,Sementes,49.9,49.9,0,0,0,0,0,Nao,Sim,"São Paulo, São Paulo",Garantia do vendedor: 1 meses,https://produto.mercadolivre.com.br/MLB-3971123133
Tremoço Graúdo Balde 2kg,9,MLB6218647576,Amendoim Graudo C/casca Alibec 250 Gr,Alibec,Amendoins,9.9,11,10,0,0,0,0,Nao,Sim,"Americana, São Paulo",Sem garantia,https://produto.mercadolivre.com.br/MLB-6218647576
Tremoço Graúdo Balde 2kg,10,MLB5382136986,Grão De Bico 1kg Qualidade Especial Premium Graúdo,Empório Madoxx Distribuidora,Especiarias,9.99,9.99,0,0,0,0,0,Nao,Sim,"São Paulo, São Paulo",Garantia do vendedor: 7 dias,https://produto.mercadolivre.com.br/MLB-5382136986
Tremoço Graúdo Balde 2kg,11,MLB3009648955,Amendoim Cru Sem Casca Branco Graúdo Runner Premium 500g,MANIBI,Amendoins,12.29,14.9,18,0,0,0,0,Nao,Sim,"Ibitinga, São Paulo",Garantia do vendedor: 3 dias,https://produto.mercadolivre.com.br/MLB-3009648955
Levedura Nutricional 1kg,1,MLB6093570338,Levedura Nutricional - 1kg Levedura,Paulistana Empório,Suplementos Alimentares,135.5,135.5,0,0,0,0,0,Sim,Sim,"Santos, São Paulo",Sem garantia,https://produto.mercadolivre.com.br/MLB-6093570338
Levedura Nutricional 1kg,2,MLB4723801543,Levedura Nutricional 500g,Terra Cerealista,Farinha,78.9,78.9,0,0,0,0,0,Nao,Sim,"São Paulo, São Paulo",Garantia do vendedor: 7 dias,https://produto.mercadolivre.com.br/MLB-4723801543
Levedura Nutricional 1kg,3,MLB3552895793,Levedura Nutricional Yeast Flakes Nutritional 1kg Wenutri Sabor Natural,Wenutri,Suplementos Alimentares,151.89,151.89,0,0,0,0,0,Sim,Sim,"Santo André, São Paulo",Sem garantia,https://produto.mercadolivre.com.br/MLB-3552895793
Levedura Nutricional 1kg,4,MLB4533026704,Levedura Nutricional Yeast Flakes Nutritional 1kg Wenutri Sabor Natural,Wenutri,Suplementos Alimentares,157.79,157.79,0,0,0,0,0,Sim,Sim,"Santo André, São Paulo",Sem garantia,https://produto.mercadolivre.com.br/MLB-4533026704
Levedura Nutricional 1kg,5,MLB3652253765,Levedura Nutricional Flocos 500g Cerealista Castelo Natural,Cerealista Castelo,Suplementos Alimentares,77.99,77.99,0,0,0,0,0,Nao,Sim,"Santo André, São Paulo",Garantia do vendedor: 1 meses,https://produto.mercadolivre.com.br/MLB-3652253765
Levedura Nutricional 1kg,6,MLB2843477307,Levedura Nutricional Yeast Flakes Nutritional 500g Wenutri,Wenutri,Suplementos Alimentares,74.9,74.9,0,0,0,0,0,Nao,Sim,"Santo André, São Paulo",Sem garantia,https://produto.mercadolivre.com.br/MLB-2843477307
Levedura Nutricional 1kg,7,MLB5720518296,Nutri Yeast Flakes Levedura Nutricional 100g Nutrify,Nutrify,Suplementos Alimentares,37.91,55,31,0,0,0,0,Nao,Sim,"Cajamar, São Paulo",Sem garantia,https://produto.mercadolivre.com.br/MLB-5720518296
Levedura Nutricional 1kg,8,MLB4098223431,Levedura Nutricional Yeast Flakes Nutritional 250g Wenutri Sabor Natural,Wenutri,Suplementos Alimentares,44.9,44.9,0,0,0,0,0,Nao,Sim,"Santo André, São Paulo",Sem garantia,https://produto.mercadolivre.com.br/MLB-4098223431
Beterraba Em Pó 500g,1,MLB6143269890,Beterraba Em Pó Pura 500g - Farinha De Beterraba Bellnutry,Bell Nutry,Farinha,32,34.9,8,0,0,0,0,Nao,Sim,"São Paulo, São Paulo",Garantia de fábrica: 7 dias,https://produto.mercadolivre.com.br/MLB-6143269890
Beterraba Em Pó 500g,2,MLB6665775604,Beterraba Em Pó 500g 100% Pura,Requena,Farinha,26.44,29.9,12,0,0,0,0,Nao,Sim,"São Paulo, São Paulo",Garantia do vendedor: 30 dias,https://produto.mercadolivre.com.br/MLB-6665775604
Beterraba Em Pó 500g,3,MLB5432134820,Beterraba Em Pó - Natural 1kg,Naturais Mona,Especiarias,40,45.9,13,0,0,0,0,Nao,Sim,"São Paulo, São Paulo",Garantia do vendedor: 30 dias,https://produto.mercadolivre.com.br/MLB-5432134820
Beterraba Em Pó 500g,4,MLB3907735361,Beterraba Em Pó 500g + Farinha De Uva 500g Pré Treino,Cerealista Galvão,Farinha,43,64.99,34,0,0,0,0,Nao,Sim,"Santo André, São Paulo",Garantia do vendedor: 30 dias,https://produto.mercadolivre.com.br/MLB-3907735361
Beterraba Em Pó 500g,5,MLB5282551654,Beterraba Em Pó 500g + Farinha De Uva 500g Pré Treino,Cerealista Galvão,Farinha,60,69.99,14,0,0,0,0,Nao,Sim,"Santo André, São Paulo",Garantia do vendedor: 30 dias,https://produto.mercadolivre.com.br/MLB-5282551654
Beterraba Em Pó 500g,6,MLB4405073505,Beterraba Em Pó Natural Pura 500g Desidratada Alta Qualidade,Cerealista Galvão,Farinha,54.99,54.99,0,0,0,0,0,Nao,Sim,"Santo André, São Paulo",Garantia do vendedor: 30 dias,https://produto.mercadolivre.com.br/MLB-4405073505
Beterraba Em Pó 500g,7,MLB4654765840,Beterraba Em Pó 1kg - Teka Naturais,TEKA NATURAIS,Especiarias,42.41,49.9,15,0,0,0,0,Nao,Sim,"São Bernardo do Campo, São Paulo",Sem garantia,https://produto.mercadolivre.com.br/MLB-4654765840
Beterraba Em Pó 500g,8,MLB5788386430,Beterraba Em Pó 120g Viva Regenera,Viva Regenera,Biscoitos,78.9,78.9,0,0,0,0,0,Nao,Sim,"Ribeirão Preto, São Paulo",Sem garantia,https://produto.mercadolivre.com.br/MLB-5788386430
Beterraba Em Pó 500g,9,MLB6574518846,Farinha De Beterraba Em Pó Pura 100% Natural Premium - 500g,Sabore,Farinha,24.54,40.9,40,0,0,0,0,Nao,Sim,"São Paulo, São Paulo",Garantia do vendedor: 7 dias,https://produto.mercadolivre.com.br/MLB-6574518846
Beterraba Em Pó 500g,10,MLB5469242270,Beterraba Em Pó E Maca Peruana 500g - Cerealista Galvão,Cerealista Galvão,Farinha,49.99,49.99,0,0,0,0,0,Nao,Sim,"Santo André, São Paulo",Garantia do vendedor: 30 dias,https://produto.mercadolivre.com.br/MLB-5469242270
Beterraba Em Pó 500g,11,MLB5212840664,Beterraba Em Pó Natural Pura 200g Desidratada,Cerealista Galvão,Farinha,19.99,19.99,0,0,0,0,0,Nao,Sim,"Santo André, São Paulo",Garantia do vendedor: 30 dias,https://produto.mercadolivre.com.br/MLB-5212840664
Beterraba Em Pó 500g,12,MLB5282413284,Beterraba Em Pó 1kg 100% Pura,Requena,Farinha,44,69.9,37,0,0,0,0,Nao,Sim,"São Paulo, São Paulo",Sem garantia,https://produto.mercadolivre.com.br/MLB-5282413284
Beterraba Em Pó 500g,13,MLB6255788292,Beterraba Em Pó 200g Desidratada 100% Pura Premium,A.Castelo Produtos Naturais,Farinha,20.99,20.99,0,0,0,0,0,Nao,Sim,"Santo André, São Paulo",Garantia do vendedor: 30 dias,https://produto.mercadolivre.com.br/MLB-6255788292
Beterraba Em Pó 500g,14,MLB6682588586,Beterraba Em Pó Desidratada 100% Pura 1kg,Natural Vitta,Farinha,48.9,69.9,30,0,0,0,0,Nao,Sim,"Diadema, São Paulo",Sem garantia,https://produto.mercadolivre.com.br/MLB-6682588586
Beterraba Em Pó 500g,15,MLB4296294846,Beterraba Em Pó 1 Kg - Naturais Mona,Naturais Mona,Farinha,41.94,69.9,40,0,0,0,0,Nao,Sim,"São Paulo, São Paulo",Garantia de fábrica: 30 dias,https://produto.mercadolivre.com.br/MLB-4296294846
Chá De Camomila 500g,1,MLB4296256450,Camomila Chá - 500g - Naturais Mona,Naturais Mona,Chá,28.4,29.9,5,0,0,0,0,Nao,Sim,"São Paulo, São Paulo",Garantia do vendedor: 30 dias,https://produto.mercadolivre.com.br/MLB-4296256450
Chá De Camomila 500g,2,MLB3787478403,"Camomila Para Chá 1,01kg",Casa Bela,Chá,52.9,52.9,0,0,0,0,0,Nao,Sim,"São Paulo, São Paulo",Garantia do vendedor: 30 dias,https://produto.mercadolivre.com.br/MLB-3787478403
Chá De Camomila 500g,3,MLB3545996841,Camomila Chá 250g - Naturais Mona,Naturais Mona,Chá,15.89,16.9,6,0,0,0,0,Nao,Sim,"São Paulo, São Paulo",Garantia de fábrica: 30 dias,https://produto.mercadolivre.com.br/MLB-3545996841
Chá De Camomila 500g,4,MLB3542320369,Chá Camomila Flor 500g Hi Natural Saúde Digestão Relaxamento,HI NATURAL,Chá,28.9,28.9,0,0,0,0,0,Nao,Sim,"São Paulo, São Paulo",Garantia do vendedor: 30 dias,https://produto.mercadolivre.com.br/MLB-3542320369
Chá De Camomila 500g,5,MLB4152738170,Chá Camomila 15 unidades - Chás Leão,Chá Leão,Chá,11.29,11.89,5,0,0,0,0,Nao,Sim,"Mauá, São Paulo",Sem garantia,https://produto.mercadolivre.com.br/MLB-4152738170
Chá De Camomila 500g,6,MLB4097161101,Chá Camomila Flor 50g Saint Thé,Saint Thé,Chá,9.99,9.99,0,0,0,0,0,Nao,Sim,"Arujá, São Paulo",Garantia do vendedor: 7 dias,https://produto.mercadolivre.com.br/MLB-4097161101
Chá De Sene 500g,1,MLB6639757428,Sene Em Folhas Chá 500g,Terra Cerealista,Chá,10.9,10.9,0,0,0,0,0,Nao,Sim,"São Paulo, São Paulo",Sem garantia,https://produto.mercadolivre.com.br/MLB-6639757428
Chá De Sene 500g,2,MLB4413195160,Sene Em Folhas - 500g -,Delfit,Chá,10.71,11.9,10,0,0,0,0,Nao,Sim,"Diadema, São Paulo",Garantia de fábrica: 30 dias,https://produto.mercadolivre.com.br/MLB-4413195160
Chá De Sene 500g,3,MLB4306827404,Chá Sene em Folhas 500g Naturais Mona,Naturais Mona,Chá,10.71,11.9,10,0,0,0,0,Nao,Sim,"São Paulo, São Paulo",Garantia do vendedor: 30 dias,https://produto.mercadolivre.com.br/MLB-4306827404
Chá De Sene 500g,4,MLB3542333277,Chá Sene em Pó Naturais Mona 500g Laxativo Intestinal,Naturais Mona,Chá,14.9,14.9,0,0,0,0,0,Nao,Sim,"São Paulo, São Paulo",Garantia do vendedor: 30 dias,https://produto.mercadolivre.com.br/MLB-3542333277
Chá De Sene 500g,5,MLB6590326554,Sene Em Folhas Chá 1kg,Terra Cerealista,Chá,39.9,39.9,0,0,0,0,0,Nao,Sim,"São Paulo, São Paulo",Sem garantia,https://produto.mercadolivre.com.br/MLB-6590326554
Chá De Sene 500g,6,MLB4651351658,Sene Em Folhas 1kg - Teka Naturais,TEKA NATURAIS,Chá,18.9,19.9,5,0,0,0,0,Nao,Sim,"São Bernardo do Campo, São Paulo",Sem garantia,https://produto.mercadolivre.com.br/MLB-4651351658
Chá De Sene 500g,7,MLB4621154835,Sene Ervas Secas 100 Gramas,ARDEA,Chá,19.9,19.9,0,0,0,0,0,Sim,Sim,"Cotia, São Paulo",Garantia do vendedor: 7 dias,https://produto.mercadolivre.com.br/MLB-4621154835
Psyllium Husk 60% 500g,1,MLB6717485526,Psyllium Husk 100% Puro - 500g,Natural Vitta,Suplementos Alimentares,29.99,49.99,40,0,0,0,0,Nao,Sim,"Diadema, São Paulo",Sem garantia,https://produto.mercadolivre.com.br/MLB-6717485526
Psyllium Husk 60% 500g,2,MLB3201777123,500g Psyllium Husk Flocos Original | Drasen,Drasen Food Ingredients,Farinha,9.39,22.9,59,0,0,0,0,Nao,Sim,"Vargem Grande Paulista, São Paulo",Garantia do vendedor: 1 meses,https://produto.mercadolivre.com.br/MLB-3201777123
Psyllium Husk 60% 500g,3,MLB4625724917,Psyllium Husk Flocos 250g,Wenutri,Farinha,27.9,27.9,0,0,0,0,0,Nao,Sim,"Santo André, São Paulo",Sem garantia,https://produto.mercadolivre.com.br/MLB-4625724917
Psyllium Husk 60% 500g,4,MLB4623391340,1kg Psyllium Husk Flocos Original | Drasen,Drasen Food Ingredients,Farinha,16.9,29.9,43,0,0,0,0,Nao,Sim,"Vargem Grande Paulista, São Paulo",Garantia do vendedor: 1 meses,https://produto.mercadolivre.com.br/MLB-4623391340
Psyllium Husk 60% 500g,5,MLB4427462884,"Farinha Psyllium Husk Integral Niyati Premium, Sem Glúten, 500g",Niyati,Farinha,19.29,33.15,42,0,0,0,0,Nao,Sim,"Junqueirópolis, São Paulo",Garantia do vendedor: 7 dias,https://produto.mercadolivre.com.br/MLB-4427462884
Psyllium Husk 60% 500g,6,MLB6537919202,Psyllium Husk Rico Em Fibra Solúvel Natural Sem Gluten 500g,Vital Leaf,Farinha,26.08,48.9,47,0,0,0,0,Nao,Sim,"Jundiaí, São Paulo",Garantia do vendedor: 30 dias,https://produto.mercadolivre.com.br/MLB-6537919202
Psyllium Husk 60% 500g,7,MLB6537946698,Psyllium Husk Rico Em Fibra Solúvel Natural Sem Gluten 500g,Vital Leaf,Farinha,30,52.89,43,0,0,0,0,Nao,Sim,"Jundiaí, São Paulo",Garantia do vendedor: 30 dias,https://produto.mercadolivre.com.br/MLB-6537946698
Psyllium Husk 60% 500g,8,MLB3399937215,Psyllium Husk Velez 500g puro e Natural Rico Em Fibras,Vélez,Suplementos Alimentares,48.98,81.9,40,0,0,0,0,Nao,Sim,"São Paulo, São Paulo",Garantia de fábrica: 30 dias,https://produto.mercadolivre.com.br/MLB-3399937215
Psyllium Husk 60% 500g,9,MLB6087655996,Psyllium Husk Velez 500g puro e Natural Rico Em Fibras,Vélez,Suplementos Alimentares,52.9,59.9,12,0,0,0,0,Nao,Sim,"São Paulo, São Paulo",Garantia do vendedor: 3 meses,https://produto.mercadolivre.com.br/MLB-6087655996
Psyllium Husk 60% 500g,10,MLB6612044976,Farinha psyllium husk Essentrix de psyllium sem glúten 1 kg,Essentrix,Farinha,31.93,59.86,47,0,0,0,0,Nao,Sim,"Jundiaí, São Paulo",Garantia do vendedor: 90 dias,https://produto.mercadolivre.com.br/MLB-6612044976
Semente De Abóbora Crua 1kg,1,MLB5515813166,Semente Abobora Crua Se Casca Natural 1kg Abóbora Descascada,Empório Madoxx Distribuidora,Sementes,38.79,52.99,27,0,0,0,0,Nao,Sim,"São Paulo, São Paulo",Garantia do vendedor: 7 dias,https://produto.mercadolivre.com.br/MLB-5515813166
Semente De Abóbora Crua 1kg,2,MLB4703428597,Semente De Abóbora Crua Natural Vitta - 1kg,Natural Vitta,Sementes,48.4,99,51,0,0,0,0,Nao,Sim,"Diadema, São Paulo",Sem garantia,https://produto.mercadolivre.com.br/MLB-4703428597
Semente De Abóbora Crua 1kg,3,MLB6666482554,Semente De Abóbora Sem Casca Crua 1kg,HI NATURAL,Sementes,36.67,48.9,25,0,0,0,0,Nao,Sim,"São Paulo, São Paulo",Sem garantia,https://produto.mercadolivre.com.br/MLB-6666482554
Semente De Abóbora Crua 1kg,4,MLB5474386798,Farinha De Semente De Abóbora Crua 1kg - Niyati,Niyati,Farinha,49.69,62.38,20,0,0,0,0,Nao,Sim,"Junqueirópolis, São Paulo",Garantia do vendedor: 7 dias,https://produto.mercadolivre.com.br/MLB-5474386798
Semente De Abóbora Crua 1kg,5,MLB6550300138,Óleo De Semente Abóbora 120 Caps - Apisnutri Sabor Vitamina,Apisnutri,Suplementos Alimentares,70.99,70.99,0,0,0,0,0,Nao,Sim,"São Paulo, São Paulo",Garantia do vendedor: 7 dias,https://produto.mercadolivre.com.br/MLB-6550300138
Semente De Abóbora Crua 1kg,6,MLB3930207703,Semente Abóbora Híbrida Tetsukabuto F1 Takayama 1mix Topseed,Topseed,Sementes Agrícolas,440,440,0,0,0,0,0,Sim,Sim,"Marialva, Paraná",Garantia do vendedor: 1 meses,https://produto.mercadolivre.com.br/MLB-3930207703
Ovinho De Amendoim Brasil Frutt,1,MLB5310189814,Ovinho De Amendoim 1.010 Kg - Brasil Frutt,Brasil Frutt,Amendoins,29.78,29.78,0,0,0,0,0,Nao,Sim,"Santos, São Paulo",Sem garantia,https://produto.mercadolivre.com.br/MLB-5310189814
Ovinho De Amendoim Brasil Frutt,2,MLB3234777714,Ovinho De Amendoim 1.010 Kg - Brasil Frutt,Brasil Frutt,Amendoins,34.9,34.9,0,0,0,0,0,Nao,Sim,"São José dos Campos, São Paulo",Sem garantia,https://produto.mercadolivre.com.br/MLB-3234777714
Ovinho De Amendoim Brasil Frutt,3,MLB4421538407,Ovinho De Amendoim 1.010 Kg - Brasil Frutt,Brasil Frutt,Amendoins,36.9,36.9,0,0,0,0,0,Nao,Sim,"São José dos Campos, São Paulo",Sem garantia,https://produto.mercadolivre.com.br/MLB-4421538407
Ovinho De Amendoim Brasil Frutt,4,MLB6549965390,Amendoim Ovinho 500g,Requena,Amendoins,18.12,22.9,21,0,0,0,0,Nao,Sim,"São Paulo, São Paulo",Garantia do vendedor: 30 dias,https://produto.mercadolivre.com.br/MLB-6549965390
Ovinho De Amendoim Brasil Frutt,5,MLB4568466345,Amendoim Ovinho 1kg,Requena,Amendoins,27.75,33.9,18,0,0,0,0,Nao,Sim,"São Paulo, São Paulo",Garantia do vendedor: 30 dias,https://produto.mercadolivre.com.br/MLB-4568466345
Ovinho De Amendoim Brasil Frutt,6,MLB4626731353,Amendoim Felipe Ovinho C/20un,FELIPE,Amendoins,24.99,24.99,0,0,0,0,0,Nao,Sim,"São Paulo, São Paulo",Garantia do vendedor: 30 dias,https://produto.mercadolivre.com.br/MLB-4626731353
Ovinho De Amendoim Brasil Frutt,7,MLB3686896871,Ovinho De Amendoim Crocante Ovitos 1kg Original - Chiang,Chiang,Amendoins,29.99,29.99,0,0,0,0,0,Nao,Sim,"São Paulo, São Paulo",Garantia do vendedor: 30 dias,https://produto.mercadolivre.com.br/MLB-3686896871
Ovinho De Amendoim Brasil Frutt,8,MLB3033252788,Ovinho De Amendoim Crocante Ovitos 1kg Original - Chiang,Chiang,Amendoins,34.07,35.87,5,0,0,0,0,Nao,Sim,"Santos, São Paulo",Sem garantia,https://produto.mercadolivre.com.br/MLB-3033252788
Ovinho De Amendoim Brasil Frutt,9,MLB3928637847,Amendoim caramelizado 1.010kg Brasil Frutt,Brasil Frutt,Amendoins,24.99,24.99,0,0,0,0,0,Nao,Sim,"Santos, São Paulo",Sem garantia,https://produto.mercadolivre.com.br/MLB-3928637847
Ovinho De Amendoim Brasil Frutt,10,MLB2216173531,Ovinhos de Amendoim Brasil Frutt 160g,Brasil Frutt,Amendoins,9.9,9.9,0,0,0,0,0,Nao,Sim,"São José dos Campos, São Paulo",Sem garantia,https://produto.mercadolivre.com.br/MLB-2216173531
Ovinho De Amendoim Brasil Frutt,11,MLB2216092137,Ovinhos de Amendoim Brasil Frutt 160g,Brasil Frutt,Amendoins,10.9,10.9,0,0,0,0,0,Nao,Sim,"São José dos Campos, São Paulo",Sem garantia,https://produto.mercadolivre.com.br/MLB-2216092137
Ovinho De Amendoim Brasil Frutt,12,MLB6203456450,Amendoim Caramelizado No Pote 120g Brasil Frutt,Brasil Frutt,Amendoins,9.92,9.92,0,0,0,0,0,Nao,Sim,"Cajamar, São Paulo",Sem garantia,https://produto.mercadolivre.com.br/MLB-6203456450
Ovinho De Amendoim Brasil Frutt,13,MLB4005396901,Amendoim Caramelizado com Gergelim 200g Brasil Frutt,Brasil Frutt,Amendoins,8,8,0,0,0,0,0,Nao,Sim,"Cajamar, São Paulo",Sem garantia,https://produto.mercadolivre.com.br/MLB-4005396901
